satisfaction_level,last_evaluation,number_project,average_montly_hours,time_spend_company,Work_accident,left,promotion_last_5years,sales,salary,cluster
0.45,0.49,2,149,3,0,1,0,6,0,2
0.09,0.85,6,289,4,0,1,0,3,0,2
0.44,0.51,2,156,3,0,1,0,9,0,2
0.45,0.53,2,129,3,0,1,0,9,0,2
0.37,0.46,2,149,3,0,1,0,5,0,2
0.1,0.86,6,278,4,0,1,0,9,0,2
0.36,0.48,2,156,3,0,1,0,2,0,2
0.4,0.46,2,143,3,0,1,0,9,0,2
0.8,0.53,3,255,5,0,1,0,9,0,2
0.66,0.57,5,161,5,0,1,0,9,0,2
0.45,0.54,2,129,3,0,1,0,5,0,2
0.39,0.55,2,159,3,0,1,0,9,0,2
0.45,0.57,2,148,3,0,1,0,5,0,2
0.43,0.55,2,130,3,0,1,0,8,0,2
0.1,0.81,7,291,4,0,1,0,7,0,2
0.83,0.99,5,258,5,0,1,0,8,0,2
0.38,0.5,2,152,3,0,1,0,7,0,2
0.15,0.55,6,139,4,0,1,0,8,0,2
0.82,0.89,5,217,5,0,1,0,7,0,2
0.75,0.86,5,237,5,0,1,0,8,0,2
0.32,0.58,5,271,5,0,1,0,7,0,2
0.41,0.48,2,130,3,0,1,0,8,0,2
0.87,0.9,4,256,5,0,1,0,7,0,2
0.37,0.49,2,151,3,0,1,0,9,0,2
0.9,0.86,5,254,5,0,1,0,7,0,2
0.39,0.57,2,158,3,0,1,0,9,0,2
0.11,0.93,7,288,4,0,1,0,7,0,2
0.42,0.97,6,259,4,0,1,0,4,0,2
0.1,0.85,6,297,5,0,1,0,7,0,2
0.75,0.88,5,270,5,0,1,0,0,0,2
0.1,0.86,6,306,4,0,1,0,7,0,2
0.46,0.46,2,145,3,0,1,0,0,0,2
0.39,0.55,2,156,3,0,1,0,7,0,2
0.4,0.53,2,155,3,0,1,0,0,0,2
0.79,0.95,5,228,5,0,1,0,7,0,2
0.72,0.99,5,257,5,0,1,0,0,0,2
0.9,0.83,4,266,5,0,1,0,7,0,2
0.1,0.87,6,307,4,0,1,0,6,0,2
0.42,0.5,2,128,3,0,1,0,2,0,2
0.42,0.54,2,143,3,0,1,0,6,0,2
0.11,0.97,6,254,4,0,1,0,2,0,2
0.09,0.91,6,243,4,0,1,0,6,0,2
0.42,0.48,2,146,3,0,1,0,3,0,2
0.1,0.95,5,286,4,0,1,0,1,0,2
0.45,0.46,2,159,3,0,1,0,3,0,2
0.43,0.49,2,131,3,0,1,0,1,0,2
0.76,0.89,5,238,5,0,1,0,9,0,2
0.43,0.48,2,136,3,0,1,0,1,0,2
0.75,0.7,4,144,4,0,0,0,9,0,2
0.82,0.65,4,148,3,0,0,0,7,0,2
0.56,0.94,4,215,2,0,0,0,9,0,2
0.71,0.76,5,172,2,1,0,0,8,0,2
0.21,0.82,4,207,5,0,0,0,9,0,2
0.56,0.97,5,163,2,0,0,0,4,0,2
0.95,0.69,3,225,2,0,0,0,9,0,2
1.0,0.86,4,161,2,0,0,0,5,0,2
0.79,0.5,5,176,3,0,0,0,8,0,2
0.38,0.69,3,99,3,1,0,0,7,0,2
0.67,0.5,4,173,2,1,0,0,8,0,2
0.77,0.71,4,223,3,0,0,0,7,0,2
0.69,0.64,5,265,2,1,0,0,8,0,2
0.71,0.63,3,254,3,1,0,0,7,0,2
0.21,0.9,4,271,6,0,0,0,8,0,2
0.5,0.65,5,242,3,0,0,0,7,0,2
0.78,0.89,3,253,3,0,0,0,8,0,2
0.63,0.5,3,140,2,0,0,0,7,0,2
0.68,0.48,4,251,4,0,0,0,8,0,2
0.84,0.99,2,184,2,0,0,0,7,0,2
0.8,0.85,5,242,3,0,0,0,8,0,2
0.13,0.69,4,127,4,0,0,0,7,0,2
0.65,0.84,3,154,3,0,0,0,8,0,2
0.5,0.79,3,186,3,0,0,0,7,0,2
0.38,0.77,2,170,3,0,0,0,9,0,2
0.72,0.47,5,168,6,0,0,0,7,0,2
0.71,0.77,3,145,3,0,0,0,9,0,2
0.46,0.57,4,275,3,0,0,0,7,0,2
0.3,0.64,2,137,3,0,0,0,4,0,2
0.21,0.44,4,163,6,0,0,0,7,0,2
0.49,0.76,5,237,3,0,0,0,0,0,2
0.49,0.58,5,186,2,0,0,0,0,0,2
0.57,0.65,5,177,2,0,0,0,0,0,2
0.89,0.81,4,228,4,0,0,0,0,0,2
0.66,0.59,3,204,3,0,0,0,6,0,2
0.94,0.77,5,210,3,0,0,0,6,0,2
0.98,0.95,4,250,2,1,0,0,6,0,2
0.18,0.52,5,185,6,0,0,0,6,0,2
0.57,0.73,3,146,3,0,0,0,0,0,2
0.67,0.55,3,217,2,0,0,0,1,0,2
0.12,0.61,6,172,6,0,0,0,1,0,2
0.48,0.95,3,184,2,0,0,0,1,0,2
0.97,0.97,5,171,2,0,0,0,7,0,2
0.9,0.96,3,223,4,0,0,0,7,0,2
0.57,0.87,4,148,3,0,0,0,7,0,2
0.84,0.79,6,140,2,0,0,0,2,0,2
0.84,0.74,4,226,2,0,0,0,2,0,2
0.17,0.93,5,183,5,0,0,0,2,0,2
0.97,0.86,5,135,3,0,0,0,3,0,2
0.94,0.66,3,236,2,0,0,0,3,0,2
0.92,0.53,2,249,2,0,0,0,0,0,2
0.96,0.67,5,170,3,0,0,0,5,0,2
0.21,0.57,5,239,3,0,0,0,7,0,2
0.5,0.56,5,185,2,0,0,0,7,0,2
0.74,0.86,3,186,3,1,0,0,7,0,2
0.5,0.82,3,213,3,0,0,0,7,0,2
0.27,0.62,6,136,3,0,0,0,7,0,2
0.76,0.52,2,148,3,0,0,0,7,0,2
0.41,0.87,6,262,6,0,0,0,7,0,2
0.52,0.54,5,247,4,0,0,0,9,0,2
0.82,0.99,3,195,2,0,0,0,8,0,2
0.99,0.96,5,261,3,0,0,0,8,0,2
0.55,0.55,3,197,3,0,0,0,8,0,2
0.88,0.98,3,263,3,1,0,0,9,0,2
0.99,0.9,4,164,3,0,0,0,6,0,2
0.78,0.96,4,111,2,0,0,0,7,0,2
0.74,0.68,4,194,2,0,0,0,4,0,2
0.8,0.93,4,258,3,0,0,0,7,0,2
0.89,0.7,4,235,2,1,0,0,2,0,2
0.83,0.84,3,267,3,0,0,0,6,0,2
0.59,0.83,4,239,4,0,0,0,3,0,2
0.89,0.66,4,235,3,0,0,0,0,0,2
0.87,0.62,3,176,3,0,0,0,2,0,2
0.71,0.36,4,278,4,1,0,0,6,0,2
0.73,0.83,4,270,2,0,0,0,3,0,2
0.78,0.91,3,238,2,0,0,0,1,0,2
0.76,0.74,4,235,3,0,0,0,1,0,2
0.35,0.7,3,107,3,0,0,0,1,0,2
0.88,0.59,6,243,4,0,0,0,1,0,2
0.78,0.79,5,233,3,1,0,0,1,0,2
0.36,0.42,3,206,5,0,0,0,5,0,2
0.24,0.7,5,172,4,0,0,0,7,0,2
0.55,0.82,3,248,2,0,0,0,2,0,2
0.91,0.53,3,147,4,1,0,0,8,0,2
0.66,0.61,5,259,3,0,0,0,9,0,2
0.57,0.82,3,267,3,0,0,0,4,0,2
0.64,0.64,3,263,3,0,0,0,5,0,2
0.7,0.57,4,211,3,0,0,0,3,0,2
0.54,0.91,3,249,3,0,0,0,9,0,2
0.42,0.86,2,108,5,0,0,0,9,0,2
0.96,0.75,4,165,3,0,0,0,9,0,2
0.58,0.8,3,181,4,0,0,0,9,0,2
0.61,0.59,3,237,2,0,0,0,9,0,2
0.62,0.97,5,180,2,0,0,0,9,0,2
0.68,0.7,3,209,3,0,0,0,9,0,2
0.7,0.83,5,261,4,0,0,0,1,0,2
0.19,0.99,3,154,2,0,0,0,7,0,2
0.96,0.81,4,211,3,0,0,0,7,0,2
0.63,0.89,4,192,2,0,0,0,7,0,2
0.76,0.72,5,228,2,0,0,0,7,0,2
0.78,0.92,3,169,3,0,0,0,7,0,2
0.54,0.8,3,232,2,0,0,0,2,0,2
0.6,0.81,2,214,3,0,0,0,3,0,2
0.55,0.74,3,211,3,1,0,0,9,0,2
0.55,0.63,3,201,2,1,0,0,8,0,2
0.17,0.88,6,226,3,1,0,0,9,0,2
0.8,0.67,3,164,3,0,0,0,0,0,2
0.95,0.87,3,208,2,0,0,0,0,0,2
0.74,0.57,4,172,3,0,0,0,6,0,2
0.83,0.8,4,274,3,0,0,0,1,0,2
0.68,0.55,4,215,4,0,0,0,7,0,2
0.58,0.79,5,262,2,0,0,0,7,0,2
0.69,0.9,5,226,4,0,0,0,7,0,2
0.84,0.73,3,146,5,1,0,0,9,0,2
0.58,0.65,4,248,4,0,0,0,5,0,2
0.89,0.52,3,164,3,0,0,0,9,0,2
0.57,0.56,3,224,2,0,0,0,7,0,2
0.56,0.48,4,197,3,1,0,0,9,0,2
0.94,0.76,4,231,3,1,0,0,1,0,2
0.96,0.83,4,132,6,0,0,0,9,0,2
0.86,1.0,3,192,3,0,0,0,5,0,2
0.65,0.57,3,137,4,1,0,0,7,0,2
0.61,0.97,3,199,3,1,0,0,2,0,2
0.53,0.96,3,181,3,1,0,0,8,0,2
0.14,0.76,5,260,6,0,0,0,9,0,2
0.74,1.0,4,199,4,0,0,0,4,0,2
0.47,0.62,6,171,5,1,0,0,5,0,2
0.6,0.56,4,260,3,0,0,0,5,0,2
0.81,0.58,3,243,4,0,0,0,5,0,2
0.95,0.59,2,154,4,0,0,0,7,0,2
0.98,0.8,2,201,2,0,0,0,7,0,2
0.52,0.8,5,234,3,0,0,0,7,0,2
0.9,0.74,3,260,4,0,0,0,9,0,2
0.64,0.93,5,198,2,0,0,0,9,0,2
0.63,0.9,2,242,3,1,0,0,9,0,2
0.87,0.89,4,219,4,0,0,0,9,0,2
0.6,0.55,4,204,3,0,0,0,9,0,2
0.7,0.74,3,157,3,0,0,0,9,0,2
0.15,0.94,5,244,6,0,0,0,9,0,2
0.45,0.75,3,122,3,0,0,0,8,0,2
0.5,0.58,4,165,2,0,0,0,7,0,2
0.87,0.82,4,251,3,0,0,0,7,0,2
0.71,0.99,4,238,4,1,0,0,7,0,2
0.98,0.87,4,152,2,0,0,0,7,0,2
0.65,0.77,3,233,2,0,0,0,7,0,2
0.53,0.88,3,150,3,1,0,0,2,0,2
0.88,0.65,4,224,2,0,0,0,3,0,2
0.62,0.7,5,270,3,0,0,0,9,0,2
0.98,0.5,4,264,3,0,0,0,9,0,2
0.76,0.95,2,156,4,0,0,0,8,0,2
0.68,0.61,5,271,2,0,0,0,0,0,2
0.95,0.6,2,144,3,0,0,0,0,0,2
0.64,0.89,3,175,3,1,0,0,6,0,2
0.21,0.72,3,245,6,0,0,0,0,0,2
0.83,0.88,3,217,2,1,0,0,8,0,2
0.8,0.41,3,188,4,0,0,0,7,0,2
0.4,0.59,3,207,6,0,0,0,7,0,2
0.78,0.98,5,252,3,0,0,0,7,0,2
0.53,0.99,3,188,3,0,0,0,9,0,2
0.92,0.94,5,253,2,0,0,0,9,0,2
0.92,0.78,5,193,4,0,0,0,9,0,2
0.66,0.68,4,152,3,0,0,0,5,0,2
0.52,0.72,2,160,2,0,0,0,9,0,2
0.55,0.48,3,162,3,0,0,1,4,0,2
0.86,0.56,4,247,3,0,0,1,9,0,2
0.49,0.71,2,117,3,0,0,0,5,0,2
0.94,0.89,3,230,3,1,0,0,5,0,2
0.99,0.91,3,241,2,0,0,0,7,0,2
0.69,0.84,3,227,3,1,0,0,7,0,2
0.88,0.59,5,147,4,0,0,0,7,0,2
0.89,0.9,3,240,3,0,0,0,7,0,2
0.8,0.58,4,238,2,0,0,0,7,0,2
0.22,0.89,4,262,4,0,0,0,7,0,2
0.87,0.83,4,215,2,0,0,0,7,0,2
0.66,0.66,3,211,4,0,0,0,7,0,2
0.9,0.68,3,156,3,1,0,0,7,0,2
0.95,0.54,4,180,5,0,0,0,7,0,2
0.49,0.79,4,158,3,0,0,0,8,0,2
0.17,0.83,6,195,5,0,0,0,8,0,2
0.98,0.81,3,180,2,1,0,0,8,0,2
0.9,1.0,2,114,5,0,0,0,8,0,2
0.24,0.89,5,228,4,1,0,0,8,0,2
0.92,0.79,5,243,3,1,0,0,8,0,2
0.36,0.72,3,179,3,0,0,0,8,0,2
0.19,0.76,2,158,3,0,0,0,8,0,2
0.63,0.93,3,236,4,0,0,0,7,0,2
0.65,0.84,4,247,4,0,0,0,2,0,2
0.62,0.77,4,256,3,0,0,0,2,0,2
0.86,0.72,4,178,2,0,0,0,3,0,2
0.53,0.76,2,204,4,0,0,0,3,0,2
0.72,0.74,3,243,2,0,0,0,9,0,2
0.16,0.78,4,280,6,0,0,0,9,0,2
0.77,0.61,4,178,2,1,0,0,8,0,2
0.56,0.76,3,134,2,0,0,0,8,0,2
0.56,0.85,3,225,3,0,0,0,0,0,2
0.82,0.75,5,160,3,1,0,0,6,0,2
0.6,0.9,4,178,3,0,0,1,1,0,2
0.7,0.64,4,178,3,1,0,1,5,0,2
0.97,0.61,4,167,3,0,0,1,2,0,2
0.78,0.54,5,257,3,0,0,0,7,0,2
0.77,0.82,3,147,4,0,0,0,7,0,2
0.95,0.56,5,194,2,0,0,0,7,0,2
0.84,0.83,3,215,3,0,0,0,2,0,2
0.67,0.81,4,168,2,0,0,0,8,0,2
0.71,0.88,4,266,3,0,0,0,7,0,2
0.5,0.85,4,224,6,0,0,0,8,0,2
0.92,0.92,3,244,2,0,0,0,7,0,2
0.67,0.71,4,173,3,0,0,0,8,0,2
0.14,0.81,4,138,3,1,0,0,7,0,2
0.72,0.59,3,255,2,0,0,0,8,0,2
0.58,0.5,4,225,3,0,0,0,8,0,2
0.97,0.87,2,175,6,0,0,0,8,0,2
0.92,0.55,3,172,2,0,0,0,9,0,2
0.96,0.51,3,237,4,0,0,0,9,0,2
0.73,0.87,4,155,3,1,0,0,9,0,2
0.73,0.71,4,148,3,0,0,0,4,0,2
0.53,0.83,4,246,3,0,0,0,0,0,2
0.17,0.82,5,193,5,0,0,0,0,0,2
0.49,0.54,6,214,3,0,0,0,7,0,2
0.44,0.36,2,136,3,0,0,0,9,0,2
0.57,0.56,2,159,3,0,0,0,9,0,2
0.73,0.86,4,133,3,0,0,0,9,0,2
0.64,0.95,3,154,4,0,0,0,9,0,2
0.86,0.96,4,167,3,0,0,0,8,0,2
0.77,0.57,4,203,3,1,0,0,8,0,2
0.89,0.93,5,150,2,0,0,0,8,0,2
0.51,0.58,4,140,3,0,0,0,9,0,2
0.62,0.73,4,191,3,0,0,0,1,0,2
0.21,0.74,5,141,4,0,0,0,2,0,2
0.26,0.71,6,189,2,0,0,0,5,0,2
0.79,0.59,2,157,6,0,0,0,7,0,2
0.34,0.87,4,283,2,0,0,0,7,0,2
0.8,0.55,4,269,3,0,0,0,7,0,2
0.55,0.8,4,260,3,0,0,0,3,0,2
0.71,0.97,3,189,3,1,0,0,9,0,2
0.64,0.65,3,181,2,0,0,0,9,0,2
0.5,0.38,5,175,4,0,0,0,9,0,2
0.64,0.78,5,148,4,0,0,0,7,0,2
0.79,0.54,4,244,3,0,0,0,4,0,2
0.54,0.72,5,206,4,0,0,0,7,0,2
0.33,0.82,2,114,5,0,0,0,9,0,2
0.66,0.5,4,263,3,0,0,0,7,0,2
0.98,0.92,3,254,3,0,0,0,9,0,2
0.96,0.82,4,201,2,0,0,0,7,0,2
0.5,0.78,3,206,3,1,0,1,7,0,2
0.98,0.57,5,141,3,0,0,1,7,0,2
0.85,0.57,4,150,3,0,0,1,7,0,2
0.72,0.75,3,166,3,0,0,1,7,0,2
0.78,0.83,4,252,2,0,0,1,7,0,2
0.62,0.43,2,106,2,0,0,1,7,0,2
0.64,0.38,5,171,6,1,0,1,2,0,2
0.24,0.5,4,232,3,0,0,1,2,0,2
0.84,0.78,5,172,2,0,0,1,2,0,2
0.61,0.61,4,239,2,0,0,1,3,0,2
0.79,0.71,4,222,3,0,0,1,3,0,2
0.85,0.56,5,203,3,0,0,0,4,0,2
0.77,0.52,3,210,3,1,0,0,0,0,2
0.61,0.97,4,198,2,0,0,0,0,0,2
0.74,0.54,3,175,3,1,0,0,0,0,2
0.56,0.85,5,245,3,0,0,0,0,0,2
0.28,0.97,4,102,3,0,0,0,0,0,2
0.86,0.68,2,192,3,0,0,0,6,0,2
0.63,0.78,4,160,2,0,0,0,6,0,2
0.69,0.75,3,179,2,1,0,0,7,0,2
0.54,0.58,3,169,2,1,0,0,9,0,2
0.49,0.99,6,205,5,0,0,0,9,0,2
0.81,0.6,3,140,2,0,0,0,9,0,2
0.5,0.85,4,150,2,0,0,0,8,0,2
0.93,0.77,3,202,5,0,0,0,8,0,2
0.89,0.84,3,166,2,0,0,0,8,0,2
0.3,0.48,2,104,2,0,0,0,9,0,2
0.23,0.49,5,214,5,0,0,0,0,0,2
0.99,0.82,6,185,4,1,0,0,7,0,2
0.17,0.86,3,286,6,0,0,0,5,0,2
0.93,0.82,5,272,3,0,0,0,7,0,2
0.44,0.87,2,140,4,0,0,0,7,0,2
0.78,0.56,5,252,2,0,0,0,7,0,2
0.76,0.87,4,161,3,0,0,0,7,0,2
0.7,0.48,4,229,2,0,0,0,9,0,2
0.71,0.97,3,219,3,0,0,0,9,0,2
0.79,0.6,4,161,3,0,0,0,9,0,2
0.81,0.69,5,109,2,0,0,0,0,0,2
0.35,0.81,5,182,5,0,0,0,7,0,2
0.59,0.57,4,261,2,0,0,0,0,0,2
0.74,0.85,4,105,5,0,0,0,7,0,2
0.17,0.91,6,246,5,0,0,0,0,0,2
0.74,0.48,5,165,2,0,0,0,7,0,2
0.68,0.92,3,226,2,0,0,0,0,0,2
0.17,0.73,4,274,3,0,0,0,2,0,2
0.84,0.61,4,261,2,0,0,0,2,0,2
0.96,0.59,3,158,3,1,0,0,2,0,2
0.62,0.96,5,251,2,0,0,0,3,0,2
0.57,0.7,3,158,3,0,0,0,3,0,2
0.98,0.87,3,246,3,0,0,0,3,0,2
0.72,0.99,4,227,3,0,0,0,3,0,2
0.43,0.46,4,169,5,0,0,0,9,0,2
0.68,0.57,5,187,4,0,0,0,9,0,2
0.69,0.86,4,238,3,0,0,0,9,0,2
0.91,0.66,4,139,3,0,0,0,9,0,2
0.42,0.37,2,284,3,0,0,0,9,0,2
0.56,0.63,4,271,2,1,0,0,6,0,2
0.77,0.66,6,181,4,0,0,0,6,0,2
0.39,0.38,4,135,2,0,0,0,6,0,2
0.52,0.62,3,275,2,0,0,0,0,0,2
0.63,0.91,3,252,2,0,0,0,1,0,2
0.49,0.46,2,129,2,0,0,0,1,0,2
0.2,0.47,4,230,4,0,0,0,1,0,2
0.21,0.94,3,287,5,0,0,0,1,0,2
0.48,0.51,4,152,4,0,0,0,2,0,2
0.9,0.66,4,242,3,0,0,0,8,0,2
0.17,0.5,4,267,6,0,0,0,8,0,2
0.8,0.4,5,199,4,1,0,0,8,0,2
0.22,0.96,3,213,3,0,0,0,8,0,2
0.61,0.41,3,103,2,0,0,0,9,0,2
0.7,0.68,4,143,5,0,0,0,0,0,2
0.62,0.7,5,180,4,0,0,0,6,0,2
0.87,0.98,4,266,2,1,0,0,6,0,2
0.63,0.86,4,169,2,0,0,0,7,0,2
0.14,0.52,4,122,2,0,0,0,7,0,2
0.52,0.62,3,179,3,0,0,0,7,0,2
0.76,0.64,4,144,2,0,0,0,7,0,2
0.84,0.54,4,156,4,0,0,0,7,0,2
0.53,0.84,4,219,2,0,0,0,3,0,2
0.75,0.91,4,243,3,0,0,0,9,0,2
0.65,0.6,3,142,2,0,0,0,8,0,2
0.53,0.69,4,257,4,0,0,0,8,0,2
0.72,0.58,4,255,2,0,0,0,1,0,2
0.56,0.59,5,209,2,1,0,0,3,0,2
0.57,0.42,4,154,5,0,0,0,1,0,2
0.59,0.79,3,270,3,0,0,0,9,0,2
0.56,0.56,3,162,2,0,0,0,1,0,2
0.91,0.81,4,139,2,0,0,0,9,0,2
0.6,0.6,4,201,3,0,0,0,1,0,2
0.52,0.51,2,232,4,0,0,0,9,0,2
0.32,0.5,2,143,3,0,0,0,9,0,2
0.88,0.99,3,190,5,0,0,0,9,0,2
0.6,0.87,3,196,3,1,0,0,9,0,2
0.72,0.8,3,213,3,0,0,0,9,0,2
0.65,0.9,3,200,3,0,0,0,9,0,2
0.82,0.78,5,166,2,0,0,0,9,0,2
0.67,0.92,5,258,3,0,0,0,9,0,2
0.44,0.87,5,104,4,0,0,0,9,0,2
0.52,0.85,5,173,2,0,0,0,8,0,2
0.54,0.51,2,176,3,0,0,0,8,0,2
0.67,0.76,5,181,3,0,0,0,8,0,2
0.51,0.83,3,136,3,0,0,0,5,0,2
0.54,0.55,4,208,5,0,0,0,7,0,2
0.53,0.73,5,174,3,0,0,0,2,0,2
0.72,0.84,4,250,3,0,0,0,8,0,2
0.57,0.61,2,189,2,1,0,0,9,0,2
0.81,0.77,3,204,3,0,0,0,4,0,2
0.64,0.57,4,217,3,0,0,0,5,0,2
0.77,0.57,5,162,3,0,0,0,5,0,2
0.75,0.85,4,272,4,0,0,0,9,0,2
0.79,0.36,3,114,3,0,0,0,9,0,2
0.85,0.65,3,187,2,0,0,0,4,0,2
0.15,0.78,5,255,3,0,0,0,0,0,2
0.73,0.67,4,153,3,0,0,0,0,0,2
0.8,0.55,4,144,5,1,0,0,6,0,2
0.66,0.84,3,211,4,0,0,0,1,0,2
0.57,0.5,4,177,2,0,0,0,5,0,2
0.88,0.89,2,201,3,0,0,0,2,0,2
0.52,0.82,4,206,2,1,0,0,7,0,2
0.59,0.62,3,212,2,1,0,0,7,0,2
0.64,0.64,3,234,3,1,0,0,7,0,2
0.82,0.52,5,225,2,0,0,0,2,0,2
0.98,0.98,4,259,2,0,0,0,3,0,2
0.46,0.38,6,140,3,0,0,0,9,0,2
0.65,0.83,4,263,3,1,0,0,8,0,2
0.88,0.65,3,268,2,0,0,0,8,0,2
0.79,0.66,3,183,3,0,0,0,4,0,2
0.51,0.76,2,239,3,0,0,0,8,0,2
0.54,0.9,3,164,3,0,0,0,9,0,2
0.57,0.49,3,159,4,1,0,0,9,0,2
0.22,0.57,5,174,6,0,0,0,9,0,2
0.58,0.77,3,180,2,0,0,0,2,0,2
0.97,0.63,3,270,4,1,0,0,9,0,2
0.74,0.96,5,222,2,0,0,0,8,0,2
0.92,0.67,4,241,3,0,0,0,9,0,2
0.24,0.48,4,145,3,1,0,0,9,0,2
0.69,1.0,5,237,3,0,0,0,9,0,2
0.81,0.57,4,213,4,0,0,0,9,0,2
0.61,0.48,4,257,2,0,0,0,8,0,2
0.75,0.86,6,114,4,0,0,0,8,0,2
0.69,0.86,4,214,2,0,0,0,8,0,2
0.53,0.49,3,191,3,0,0,0,8,0,2
0.93,0.96,4,223,3,1,0,0,8,0,2
0.15,0.67,5,249,5,0,0,0,8,0,2
0.48,0.41,5,286,3,0,0,0,8,0,2
0.67,0.73,4,251,3,0,0,0,8,0,2
0.73,0.89,3,226,3,1,0,0,9,0,2
0.97,0.58,4,187,4,1,0,0,4,0,2
0.54,0.81,3,145,2,0,0,0,5,0,2
0.59,0.55,4,138,2,0,0,0,5,0,2
0.99,0.95,3,153,4,0,0,0,5,0,2
0.79,0.75,4,168,3,0,0,0,7,0,2
0.96,0.37,3,111,2,0,0,0,7,0,2
0.54,0.67,3,154,2,0,0,0,7,0,2
0.67,0.67,4,226,2,0,0,0,9,0,2
0.69,0.94,3,170,3,0,0,0,0,0,2
0.99,0.94,3,244,3,0,0,0,0,0,2
0.76,0.84,5,137,4,0,0,0,0,0,2
0.63,0.43,2,222,4,0,0,0,6,0,2
0.89,0.64,3,184,5,0,0,0,1,0,2
0.52,0.61,5,162,3,0,0,0,5,0,2
0.65,0.59,3,167,2,0,0,0,9,0,2
0.22,0.61,6,237,5,0,0,0,5,0,2
0.58,0.59,4,224,3,0,0,0,7,0,2
0.68,0.84,3,209,3,0,0,0,7,0,2
0.22,0.64,6,260,4,0,0,0,3,0,2
0.18,0.97,4,206,3,0,0,0,3,0,2
0.56,0.66,5,216,2,0,0,0,9,0,2
0.32,0.66,5,116,5,1,0,0,9,0,2
0.38,0.64,5,160,3,0,0,0,8,0,2
0.58,0.58,3,122,3,0,0,0,4,0,2
0.94,0.8,5,170,4,0,0,0,0,0,2
0.99,0.79,3,271,4,0,0,0,5,0,2
0.5,0.5,4,184,3,0,0,0,8,0,2
0.58,0.62,5,270,2,0,0,0,7,0,2
0.89,0.73,3,169,3,0,0,0,8,0,2
0.99,0.86,4,196,2,1,0,0,5,0,2
0.52,0.79,5,265,3,1,0,0,8,0,2
0.59,0.76,4,234,3,0,0,0,7,0,2
0.65,0.77,4,273,2,0,0,0,8,0,2
0.44,0.42,3,178,3,0,0,0,8,0,2
0.98,0.67,4,189,4,0,0,0,8,0,2
0.69,0.8,5,203,2,1,0,0,8,0,2
0.71,0.56,3,177,4,0,0,0,8,0,2
0.54,0.71,5,253,2,1,0,0,8,0,2
0.77,0.98,3,273,3,0,0,0,8,0,2
0.53,0.43,2,139,3,0,0,0,8,0,2
0.64,0.72,3,185,2,1,0,0,9,0,2
0.69,0.59,5,182,4,0,0,0,9,0,2
0.93,0.71,5,270,2,0,0,0,9,0,2
0.58,0.65,3,139,4,0,0,0,4,0,2
0.71,0.79,4,261,3,0,0,0,7,0,2
0.2,0.38,6,212,6,0,0,0,7,0,2
0.99,0.57,4,216,3,0,0,0,7,0,2
0.77,0.57,4,238,3,0,0,0,7,0,2
0.8,0.56,2,204,3,0,0,0,7,0,2
0.97,0.5,4,216,2,0,0,0,7,0,2
0.89,0.53,4,208,3,0,0,0,7,0,2
0.97,0.7,4,218,2,0,0,0,7,0,2
0.79,0.9,5,146,3,1,0,0,8,0,2
0.66,0.63,3,166,3,0,0,0,0,0,2
0.65,0.48,4,229,3,0,0,0,1,0,2
0.49,0.6,3,191,3,1,0,0,1,0,2
0.65,0.49,5,238,4,0,0,0,5,0,2
0.98,0.89,3,150,3,0,0,0,8,0,2
0.14,0.93,4,180,4,0,0,0,5,0,2
0.15,0.98,2,96,2,0,0,0,7,0,2
0.67,0.87,3,177,4,0,0,0,7,0,2
0.96,0.72,4,228,2,0,0,0,2,0,2
0.94,0.77,5,233,4,0,0,0,9,0,2
0.18,0.86,6,264,3,0,0,0,9,0,2
0.82,0.59,5,143,2,1,0,0,9,0,2
0.92,0.84,3,220,3,1,0,0,9,0,2
0.61,0.69,4,160,2,1,0,0,8,0,2
0.75,0.77,3,178,4,0,0,0,0,0,2
0.96,0.78,3,209,2,0,0,0,6,0,2
0.37,0.71,2,139,4,0,0,0,1,0,2
0.62,0.76,4,163,3,0,0,0,7,0,2
0.77,0.43,4,265,6,0,0,0,8,0,2
0.76,0.77,5,133,2,0,0,0,7,0,2
0.16,0.78,4,196,5,0,0,0,9,0,2
0.16,0.72,4,192,6,0,0,0,7,0,2
0.4,0.85,5,99,2,1,0,0,8,0,2
0.42,0.67,2,115,3,0,0,0,7,0,2
0.49,0.52,3,225,2,0,0,0,9,0,2
0.59,0.5,3,199,2,0,0,0,9,0,2
0.24,0.65,6,210,5,0,0,0,4,0,2
0.18,0.87,6,226,4,0,0,0,0,0,2
0.73,0.62,5,134,3,0,0,0,0,0,2
0.78,0.63,6,111,6,0,0,0,0,0,2
0.94,0.73,5,142,2,1,0,0,0,0,2
0.86,0.53,3,213,3,0,0,0,0,0,2
0.97,0.88,4,139,2,0,0,0,6,0,2
0.49,0.54,3,145,3,0,0,0,6,0,2
0.82,0.48,4,149,6,0,0,0,6,0,2
0.86,0.64,4,147,2,1,0,0,6,0,2
0.61,0.45,3,114,3,0,0,0,7,0,2
0.65,0.57,3,168,2,0,0,0,7,0,2
0.95,0.83,4,252,2,0,0,0,7,0,2
0.63,0.64,5,189,4,0,0,0,7,0,2
0.72,0.6,3,265,2,1,0,0,7,0,2
0.8,0.57,3,176,3,0,0,0,7,0,2
0.7,0.57,4,150,4,0,0,0,7,0,2
0.45,0.79,5,97,6,1,0,0,2,0,2
0.5,0.65,5,285,6,0,0,0,4,0,2
0.51,0.59,3,238,3,0,0,0,8,0,2
0.62,0.85,4,225,2,0,0,0,4,0,2
0.81,0.52,4,221,6,0,0,0,5,0,2
0.87,0.68,5,236,4,0,0,0,7,0,2
0.77,0.48,3,204,6,0,0,0,7,0,2
0.9,0.56,3,149,2,0,0,0,7,0,2
0.5,0.76,2,107,4,0,0,0,7,0,2
0.32,0.69,6,192,3,0,0,0,7,0,2
0.92,0.59,4,190,5,0,0,0,9,0,2
0.63,0.58,4,236,2,0,0,0,9,0,2
0.56,0.61,3,250,2,0,0,0,8,0,2
0.34,0.76,6,237,5,0,0,0,8,0,2
0.36,0.45,2,135,3,1,0,0,8,0,2
0.95,0.96,4,161,2,0,0,0,0,0,2
0.48,0.55,4,262,3,1,0,0,1,0,2
0.86,0.53,4,155,3,0,0,0,5,0,2
0.64,0.69,4,232,3,0,0,0,9,0,2
0.14,0.54,5,275,4,1,0,0,7,0,2
0.78,0.83,4,158,3,0,0,0,0,0,2
0.37,0.7,2,188,2,0,0,0,7,0,2
0.9,0.67,3,165,2,0,0,0,0,0,2
0.42,0.5,5,286,4,0,0,0,7,0,2
0.65,0.56,3,230,2,0,0,0,0,0,2
0.73,0.74,4,214,3,0,0,0,7,0,2
0.7,0.43,6,253,3,0,0,0,0,0,2
0.63,0.68,4,191,2,0,0,0,0,0,2
0.97,0.63,5,199,2,1,0,0,0,0,2
0.28,0.52,3,127,4,0,0,0,6,0,2
0.7,0.6,3,187,2,0,0,0,6,0,2
0.83,0.51,4,215,3,0,0,0,6,0,2
0.22,0.76,4,176,6,1,0,0,6,0,2
0.55,0.47,3,194,2,0,0,0,0,0,2
0.33,0.77,3,216,3,0,0,0,1,0,2
0.5,0.78,4,185,3,0,0,0,1,0,2
0.93,0.88,5,140,3,0,0,0,1,0,2
0.77,0.66,3,260,4,0,0,0,1,0,2
0.28,0.77,3,221,3,0,0,0,7,0,2
0.97,0.6,6,168,5,1,0,0,7,0,2
0.8,0.78,3,251,3,0,0,0,7,0,2
0.75,0.55,2,188,3,0,0,0,2,0,2
0.89,0.88,3,203,3,0,0,0,2,0,2
0.6,0.76,5,168,2,1,0,0,2,0,2
0.73,0.98,3,227,2,1,0,0,3,0,2
0.88,0.75,4,159,2,0,0,0,3,0,2
0.66,0.51,6,105,4,0,0,0,0,0,2
0.82,0.55,3,207,2,0,0,0,5,0,2
0.57,0.54,3,157,4,1,0,0,7,0,2
0.75,0.69,3,242,3,0,0,0,7,0,2
0.75,0.67,4,135,2,0,0,0,7,0,2
0.84,0.93,5,225,4,0,0,0,7,0,2
0.54,0.48,3,275,2,0,0,0,7,0,2
0.64,0.53,3,281,3,0,0,0,7,0,2
0.86,0.87,3,268,2,0,0,0,7,0,2
0.55,0.49,5,240,3,0,0,0,9,0,2
0.7,0.8,5,245,4,0,0,0,8,0,2
0.96,0.73,3,193,3,1,0,0,8,0,2
0.91,0.52,3,256,2,0,0,0,8,0,2
0.84,0.68,4,179,3,0,0,0,9,0,2
0.93,0.73,3,252,4,0,0,0,6,0,2
0.21,0.65,4,276,6,0,0,0,5,0,2
0.58,0.63,5,191,3,1,0,0,9,0,2
0.92,0.91,3,160,2,0,0,0,5,0,2
0.48,0.45,3,277,2,1,0,0,2,0,2
0.5,0.84,3,259,2,0,0,0,6,0,2
0.84,0.95,5,199,3,0,0,0,2,0,2
0.58,0.74,4,180,3,0,0,0,6,0,2
0.71,0.6,4,208,3,0,0,0,2,0,2
0.24,0.39,4,152,5,0,0,0,6,0,2
0.74,0.58,3,220,2,0,0,0,3,0,2
0.59,0.75,2,273,2,0,0,0,0,0,2
0.97,0.69,4,134,3,0,0,0,1,0,2
0.56,0.85,3,109,2,0,0,0,1,0,2
0.78,0.59,4,124,3,1,0,0,1,0,2
0.64,0.72,4,253,4,0,0,0,1,0,2
0.58,0.9,5,224,3,0,0,0,1,0,2
0.68,0.58,3,217,2,0,0,0,5,0,2
0.82,0.73,3,148,4,0,0,0,7,0,2
0.83,0.78,5,240,3,0,0,0,2,0,2
0.49,0.49,2,226,3,0,0,0,8,0,2
0.57,0.95,4,176,3,0,0,0,9,0,2
0.66,0.93,4,248,3,0,0,0,4,0,2
0.88,0.75,5,152,3,0,0,0,3,0,2
0.52,0.92,5,280,6,1,0,0,3,0,2
0.48,0.5,6,253,4,0,0,0,9,0,2
0.2,0.59,5,105,4,0,0,0,9,0,2
0.93,0.84,3,159,3,0,0,0,9,0,2
0.55,0.92,4,257,2,0,0,0,9,0,2
0.73,0.64,3,202,4,0,0,0,9,0,2
0.57,0.56,3,241,3,0,0,0,9,0,2
0.97,0.54,3,255,2,1,0,0,1,0,2
0.91,0.5,4,231,3,0,0,0,7,0,2
0.56,0.63,3,145,2,0,0,0,7,0,2
0.58,0.77,4,190,6,0,0,0,7,0,2
0.92,0.88,3,145,4,1,0,0,7,0,2
0.66,0.77,5,236,3,0,0,0,7,0,2
0.93,0.99,4,209,3,1,0,0,2,0,2
0.99,0.54,4,196,4,1,0,0,3,0,2
0.2,0.75,3,235,4,0,0,0,9,0,2
0.91,0.79,4,254,2,0,0,0,8,0,2
0.95,0.88,3,266,2,1,0,0,8,0,2
0.72,0.84,2,173,2,1,0,0,4,0,2
0.59,0.82,3,162,2,0,0,0,0,0,2
0.62,0.64,3,165,3,0,0,0,0,0,2
0.56,0.86,4,137,2,1,0,0,1,0,2
0.78,0.57,4,264,3,0,0,0,7,0,2
0.36,0.66,4,97,2,0,0,0,7,0,2
0.42,0.73,3,115,6,0,0,0,7,0,2
0.76,0.76,4,214,3,0,0,0,9,0,2
0.85,0.99,4,233,2,0,0,0,5,0,2
0.94,0.92,3,273,3,0,0,0,9,0,2
0.74,0.96,4,197,3,0,0,0,2,0,2
0.76,0.71,6,168,2,0,0,0,9,0,2
0.75,0.64,3,195,3,0,0,0,7,0,2
0.91,0.52,4,172,4,1,0,0,4,0,2
0.79,0.49,4,163,3,0,0,0,7,0,2
0.97,0.66,4,218,3,0,0,0,7,0,2
0.61,0.59,3,157,2,0,0,0,7,0,2
0.77,0.73,5,263,2,0,0,0,2,0,2
0.99,0.92,5,213,2,0,0,0,3,0,2
0.77,0.83,5,197,4,0,0,0,4,0,2
0.61,0.5,3,231,3,0,0,0,0,0,2
0.18,0.85,5,192,3,0,0,0,6,0,2
0.73,0.74,3,221,3,0,0,0,1,0,2
0.88,0.66,3,178,3,0,0,0,1,0,2
0.96,0.94,3,182,3,0,0,0,5,0,2
0.68,0.54,4,165,4,0,0,0,7,0,2
0.58,0.88,4,255,3,0,0,0,7,0,2
0.65,0.63,3,137,3,0,0,0,7,0,2
0.52,0.74,3,160,2,0,0,0,5,0,2
0.39,0.39,2,131,2,0,0,0,5,0,2
0.48,0.56,4,271,3,0,0,0,9,0,2
0.97,0.74,3,134,3,1,0,0,5,0,2
0.81,0.54,4,155,4,0,0,0,2,0,2
0.76,0.48,5,173,3,0,0,0,2,0,2
0.8,0.65,3,264,4,0,0,0,4,0,2
0.58,0.57,5,205,2,0,0,0,5,0,2
0.73,0.52,3,274,2,0,0,0,9,0,2
0.54,0.72,6,222,5,0,0,0,5,0,2
0.47,0.4,3,113,3,0,0,0,5,0,2
0.87,0.79,3,244,3,0,0,0,7,0,2
0.9,0.52,3,162,2,0,0,0,7,0,2
0.51,0.63,3,234,2,0,0,0,7,0,2
0.62,0.71,4,168,2,0,0,0,7,0,2
0.47,0.43,3,120,3,0,0,0,7,0,2
0.59,0.94,5,274,2,0,0,0,7,0,2
0.87,0.62,4,202,3,0,0,0,7,0,2
0.59,0.97,3,209,3,0,0,0,7,0,2
0.87,0.71,6,224,6,0,0,0,7,0,2
0.89,0.93,3,168,2,0,0,0,7,0,2
0.18,0.52,3,213,4,0,0,0,8,0,2
0.63,0.87,4,145,3,1,0,0,8,0,2
0.5,0.48,2,106,2,0,0,0,8,0,2
0.63,0.47,3,180,3,1,0,0,8,0,2
0.15,0.95,4,251,5,0,0,0,8,0,2
0.96,0.69,4,156,5,0,0,0,8,0,2
0.96,0.91,5,179,2,0,0,0,8,0,2
0.31,0.51,4,229,6,0,0,0,8,0,2
0.82,0.74,3,163,2,0,0,0,7,0,2
0.96,0.54,5,161,3,1,0,0,2,0,2
0.58,0.97,2,216,3,0,0,0,2,0,2
0.84,0.56,3,266,3,0,0,0,3,0,2
0.63,0.82,5,268,3,0,0,0,3,0,2
0.56,0.89,3,163,3,1,0,0,9,0,2
0.64,0.94,3,204,2,0,0,0,9,0,2
0.56,0.59,5,254,4,0,0,0,8,0,2
0.98,0.68,4,253,3,0,0,0,8,0,2
0.51,0.85,2,248,4,0,0,0,0,0,2
0.46,0.73,6,256,4,0,0,0,6,0,2
0.36,0.68,2,126,4,0,0,0,5,0,2
0.52,0.93,2,243,3,0,0,0,2,0,2
0.51,0.73,3,205,4,0,0,0,2,0,2
0.6,0.99,5,161,3,0,0,0,4,0,2
0.65,0.79,3,201,3,1,0,0,7,0,2
0.6,0.73,2,180,2,0,0,0,7,0,2
0.77,0.71,5,204,3,0,0,0,7,0,2
0.89,0.64,4,151,5,0,0,0,7,0,2
0.71,0.68,4,208,2,0,0,0,2,0,2
0.96,0.7,3,169,3,0,0,0,8,0,2
0.85,0.81,3,205,3,0,0,0,5,0,2
0.54,0.83,3,201,3,0,0,0,2,0,2
0.23,0.74,5,120,4,0,0,0,2,0,2
0.77,0.93,3,227,3,0,0,0,4,0,2
0.68,0.81,3,180,2,1,0,0,7,0,2
0.84,0.61,5,202,3,0,0,0,8,0,2
0.93,0.79,5,241,4,0,0,0,5,0,2
0.97,0.55,4,166,3,1,0,0,2,0,2
0.64,0.53,3,216,3,0,0,0,2,0,2
0.93,0.49,4,255,2,0,0,0,4,0,2
0.99,0.59,5,263,3,0,0,0,7,0,2
0.49,0.55,4,268,4,0,0,0,8,0,2
0.78,0.96,3,217,3,0,0,0,5,0,2
0.75,1.0,4,222,2,1,0,0,2,0,2
0.23,0.87,5,258,4,1,0,0,2,0,2
0.71,0.81,2,182,3,0,0,0,4,0,2
0.75,0.53,3,166,3,0,0,0,7,0,2
0.64,0.61,4,143,2,1,0,0,8,0,2
0.2,0.83,4,258,4,0,0,0,7,0,2
0.89,0.66,4,176,3,0,0,0,7,0,2
0.15,0.56,4,214,5,0,0,0,7,0,2
0.8,0.6,3,212,3,0,0,0,7,0,2
0.55,0.48,4,271,6,1,0,0,7,0,2
0.53,0.64,5,281,4,0,0,0,7,0,2
0.62,0.77,3,204,4,0,0,0,7,0,2
1.0,0.58,3,112,2,0,0,0,7,0,2
0.31,0.75,3,120,4,0,0,0,7,0,2
0.62,0.51,5,134,3,0,0,0,7,0,2
0.73,0.61,5,222,3,0,0,0,7,0,2
0.52,0.61,3,203,3,0,0,0,7,0,2
0.64,0.9,6,143,5,0,0,0,8,0,2
0.53,0.56,5,236,4,1,0,0,8,0,2
0.19,0.6,5,198,4,0,0,0,8,0,2
0.5,0.8,4,261,3,0,0,0,9,0,2
0.86,0.97,4,258,3,0,0,0,9,0,2
0.92,0.66,3,230,3,0,0,0,9,0,2
0.82,0.97,3,137,3,0,0,0,4,0,2
0.54,0.51,5,258,3,0,0,0,0,0,2
0.79,0.56,4,177,3,0,0,0,7,0,2
0.53,0.57,5,141,3,1,0,0,9,0,2
0.54,0.52,5,170,4,0,0,0,9,0,2
0.93,0.5,2,135,3,0,0,0,9,0,2
0.7,0.6,3,266,2,0,0,0,9,0,2
1.0,0.75,3,237,3,0,0,0,9,0,2
0.57,0.58,3,251,2,0,0,0,8,0,2
0.91,0.69,4,259,3,0,0,0,8,0,2
0.94,0.58,5,190,3,1,0,0,8,0,2
0.72,0.72,5,265,3,0,0,0,1,0,2
0.13,0.48,3,210,3,0,0,0,7,0,2
0.61,0.7,4,161,3,1,0,0,4,0,2
0.15,0.89,3,251,4,0,0,0,5,0,2
0.41,0.48,3,135,3,0,0,0,7,0,2
0.73,0.6,4,166,3,0,0,0,7,0,2
0.54,0.65,3,185,2,0,0,0,2,0,2
0.81,0.79,4,177,2,0,0,0,3,0,2
0.66,0.67,4,268,2,0,0,0,9,0,2
0.44,0.63,3,193,3,0,0,0,9,0,2
0.99,0.9,4,175,3,1,0,0,7,0,2
0.87,0.73,5,111,4,0,0,0,4,0,2
0.86,0.82,3,263,6,0,0,0,7,0,2
0.49,0.52,4,267,2,0,0,0,9,0,2
0.64,0.61,4,136,3,0,0,0,7,0,2
0.61,0.67,4,151,3,0,0,0,0,0,2
0.78,0.91,3,177,2,0,0,0,7,0,2
0.19,0.63,6,241,6,0,0,0,7,0,2
0.56,0.99,4,230,3,0,0,0,7,0,2
0.21,0.71,4,270,2,0,0,0,7,0,2
0.83,0.71,3,234,4,0,0,0,2,0,2
0.5,0.64,3,257,2,1,0,0,2,0,2
0.74,0.87,5,264,3,0,0,0,2,0,2
0.75,0.83,4,133,4,0,0,0,3,0,2
0.85,0.66,4,155,4,0,0,0,3,0,2
0.93,0.59,3,202,2,0,0,0,3,0,2
0.76,0.7,3,136,2,0,0,0,3,0,2
0.91,0.78,3,269,3,1,0,0,9,0,2
0.37,0.51,2,153,3,0,0,0,0,0,2
0.87,0.97,4,243,3,0,0,0,0,0,2
0.63,0.72,6,163,4,0,0,0,0,0,2
0.72,0.79,3,221,3,0,0,0,6,0,2
0.36,0.55,3,191,3,0,0,0,6,0,2
0.96,0.7,4,272,3,0,0,0,6,0,2
0.52,0.37,2,118,2,0,0,0,6,0,2
0.16,0.83,5,173,4,0,0,0,0,0,2
0.89,0.51,4,185,3,1,0,0,7,0,2
0.68,0.78,5,233,3,0,0,0,9,0,2
0.89,0.57,4,176,4,0,0,0,8,0,2
0.28,0.95,5,191,3,0,0,0,8,0,2
0.86,0.64,3,245,4,0,0,0,8,0,2
0.68,0.84,3,270,3,0,0,0,8,0,2
0.61,0.73,3,252,3,0,0,0,9,0,2
0.93,0.86,4,192,4,0,0,0,0,0,2
0.96,0.7,3,207,3,0,0,0,0,0,2
0.49,0.59,4,137,4,0,0,0,9,0,2
0.72,0.61,3,175,3,0,0,0,7,0,2
0.76,0.64,4,234,2,0,0,0,7,0,2
0.69,0.63,5,140,4,0,0,1,7,0,2
0.79,0.61,4,227,2,0,0,1,7,0,2
0.6,0.73,5,241,3,0,0,0,7,0,2
0.78,0.59,5,236,3,0,0,0,9,0,2
0.5,0.75,3,204,2,0,0,0,9,0,2
0.9,0.65,3,254,2,0,0,0,8,0,2
0.65,0.98,3,252,2,0,0,0,6,0,2
0.26,0.69,5,213,2,0,0,0,2,0,2
0.73,0.93,3,205,3,0,0,0,6,0,2
0.62,0.51,4,193,3,0,0,0,2,0,2
0.77,0.59,4,273,2,0,0,0,0,0,2
0.78,0.96,2,285,3,0,0,0,7,0,2
0.49,0.59,5,140,3,0,0,0,8,0,2
0.61,0.9,2,142,3,0,0,0,5,0,2
0.96,0.85,4,247,3,0,0,0,7,0,2
0.16,0.61,6,269,2,0,0,0,2,0,2
0.96,0.82,4,244,3,0,0,0,8,0,2
0.77,0.81,4,164,3,0,0,0,9,0,2
0.85,0.87,6,232,5,0,0,0,4,0,2
0.37,0.49,3,177,3,0,0,0,5,0,2
0.68,0.65,3,173,3,1,0,0,5,0,2
0.87,0.6,5,165,2,1,0,0,5,0,2
0.95,0.8,3,225,2,0,0,0,7,0,2
0.88,0.91,4,233,4,0,0,0,9,0,2
0.63,0.57,4,192,3,0,0,0,9,0,2
0.75,0.93,3,247,2,0,0,0,9,0,2
0.74,1.0,4,192,4,0,0,0,9,0,2
0.55,0.68,3,178,3,1,0,0,9,0,2
0.87,0.55,4,197,3,0,0,0,9,0,2
0.13,0.9,5,264,6,0,0,0,9,0,2
0.33,0.64,2,274,3,1,0,0,9,0,2
0.57,0.39,4,132,3,0,0,0,6,0,2
0.61,0.89,3,242,10,0,0,0,7,0,2
0.22,0.7,2,274,10,0,0,0,7,0,2
0.5,0.48,4,130,10,0,0,0,7,0,2
0.69,0.72,4,210,2,1,0,0,7,0,2
0.48,0.71,2,162,3,1,0,0,7,0,2
0.93,0.73,4,283,7,0,0,0,7,0,2
0.97,0.55,5,212,6,0,0,0,7,0,2
0.5,1.0,5,264,8,0,0,1,2,0,2
0.99,0.84,4,142,10,0,0,0,9,0,2
0.65,0.62,4,258,2,0,0,0,8,0,2
0.82,0.85,3,214,2,0,0,0,8,0,2
0.6,0.61,5,191,2,1,0,0,9,0,2
0.82,0.82,3,164,3,0,0,0,9,0,2
0.94,0.52,3,273,3,0,0,0,6,0,2
0.58,0.91,3,154,10,0,0,0,6,0,2
0.49,0.77,3,211,3,0,0,0,0,0,2
0.29,0.37,6,187,10,1,0,0,7,0,2
0.86,0.61,4,193,2,0,0,0,8,0,2
0.98,0.7,3,153,10,0,0,0,4,0,2
0.69,0.72,4,185,10,1,0,0,4,0,2
0.14,0.76,4,142,10,0,0,0,4,0,2
0.95,0.9,4,221,10,1,0,0,4,0,2
0.53,0.61,3,148,10,0,0,0,4,0,2
0.64,0.52,5,258,10,1,0,0,4,0,2
0.21,0.43,5,175,2,1,0,0,7,0,2
0.98,0.68,5,171,3,0,0,0,4,0,2
0.33,0.97,5,130,4,0,0,0,4,0,2
0.14,0.79,5,271,4,0,0,0,4,0,2
0.54,0.79,5,249,3,1,0,0,4,0,2
0.63,0.48,4,180,4,0,0,0,4,0,2
0.55,0.69,4,220,3,1,0,0,4,0,2
0.87,0.87,5,207,2,0,0,0,7,0,2
0.81,0.74,2,228,3,0,0,0,4,0,2
0.55,0.58,3,254,2,0,0,0,4,0,2
0.53,0.53,4,257,2,0,0,0,4,0,2
0.69,0.73,3,231,2,1,0,0,4,0,2
0.8,0.53,3,217,3,0,0,0,4,0,2
0.77,0.98,3,286,6,0,0,0,4,0,2
0.51,0.63,5,260,2,0,0,0,6,0,2
0.5,0.77,3,267,2,0,0,0,4,0,2
0.74,0.63,3,180,3,0,0,0,4,0,2
0.74,0.77,3,211,3,0,0,0,4,0,2
0.82,0.51,2,268,2,0,0,0,4,0,2
0.74,0.71,3,206,3,0,0,0,4,0,2
0.2,0.59,6,113,3,0,0,0,4,0,2
0.78,0.65,3,139,3,0,0,0,5,0,2
0.45,0.42,4,156,7,0,0,0,6,0,2
0.25,0.89,4,154,10,0,0,0,4,0,2
0.89,0.55,5,251,10,0,0,0,4,0,2
0.97,0.57,3,164,10,0,0,0,4,0,2
0.6,0.65,2,225,10,0,0,0,4,0,2
0.67,0.72,2,134,10,0,0,0,4,0,2
0.89,0.77,3,144,3,0,0,0,4,0,2
0.24,0.81,6,263,7,0,0,0,4,0,2
0.49,0.52,4,161,7,0,0,0,4,0,2
0.49,0.68,3,192,7,0,0,0,4,0,2
0.97,0.51,5,215,7,0,0,0,4,0,2
0.55,0.78,4,261,3,0,0,0,4,0,2
0.76,0.56,5,222,10,0,0,0,4,0,2
0.53,0.66,3,191,3,0,0,0,0,0,2
0.59,0.5,2,162,2,0,0,0,4,0,2
0.69,0.86,5,195,6,0,0,0,4,0,2
0.5,0.49,4,222,3,0,0,0,4,0,2
0.89,0.96,3,179,8,0,0,0,4,0,2
0.56,0.39,3,106,8,0,0,0,4,0,2
0.77,0.68,3,214,8,1,0,0,4,0,2
0.15,0.75,3,259,8,1,0,0,5,0,2
0.68,0.67,4,162,10,0,0,0,4,0,2
0.49,0.78,4,254,10,0,0,0,4,0,2
0.72,0.66,4,184,3,0,0,0,4,0,2
0.77,0.89,4,269,10,0,0,0,4,0,2
0.77,0.73,3,201,10,0,0,0,4,0,2
0.59,0.73,4,247,10,0,0,0,4,0,2
0.51,0.52,3,188,3,0,0,0,9,0,2
0.15,0.81,5,280,3,1,0,0,1,0,2
0.44,0.66,6,134,8,0,0,0,1,0,2
0.7,0.7,3,162,8,0,0,0,1,0,2
0.96,0.85,4,173,3,0,0,0,5,0,2
0.62,0.73,3,144,10,1,0,0,8,0,2
0.93,0.6,3,188,3,0,0,0,5,0,2
0.64,0.48,3,147,7,0,0,0,7,0,2
0.66,0.87,3,223,7,0,0,0,7,0,2
0.81,0.78,3,165,3,0,0,0,9,0,2
0.7,0.88,3,159,2,0,0,0,0,0,2
0.94,0.67,4,191,3,1,0,0,6,0,2
0.43,0.66,4,135,2,0,0,0,0,0,2
0.43,0.76,6,154,2,0,0,0,4,0,2
0.77,0.86,5,238,3,0,0,0,4,0,2
0.76,0.98,2,235,3,0,0,0,4,0,2
0.82,0.9,3,215,4,0,0,0,4,0,2
0.75,0.66,5,234,2,0,0,0,4,0,2
0.63,0.98,4,187,3,0,0,0,4,0,2
0.63,0.85,4,182,3,1,0,0,7,0,2
0.93,0.7,5,231,7,0,0,1,7,0,2
0.74,0.74,5,160,3,1,0,0,7,0,2
0.69,0.66,3,215,6,0,0,0,7,0,2
0.61,0.79,5,230,10,0,0,0,4,0,2
0.88,0.6,4,208,7,0,0,1,4,0,2
0.44,0.44,2,141,7,1,0,1,4,0,2
0.73,0.78,3,262,7,1,0,1,4,0,2
0.58,0.84,4,206,7,0,0,1,4,0,2
0.74,0.98,3,166,3,1,0,1,4,0,2
0.66,0.79,5,134,3,0,0,0,4,0,2
0.72,0.88,3,189,3,1,0,0,4,0,2
0.53,0.91,4,167,4,0,0,0,4,0,2
0.81,0.8,5,132,2,1,0,0,4,0,2
0.58,0.9,3,209,2,0,0,0,4,0,2
0.82,0.56,2,227,5,1,0,0,4,0,2
0.64,0.55,3,246,2,0,0,1,5,0,2
0.83,0.6,4,161,2,0,0,0,4,0,2
0.82,0.49,5,210,3,0,0,0,4,0,2
0.39,0.91,2,212,2,0,0,0,4,0,2
0.53,0.47,6,106,6,0,0,0,4,0,2
0.88,0.81,4,179,3,0,0,0,4,0,2
0.8,0.6,5,217,3,0,0,0,4,0,2
0.16,0.93,6,218,6,1,0,0,6,0,2
0.5,0.9,5,226,2,0,0,0,4,0,2
0.57,0.59,2,111,2,0,0,0,4,0,2
0.68,0.75,4,258,3,0,0,0,4,0,2
0.62,0.61,3,266,2,0,0,0,4,0,2
0.69,0.75,3,253,3,0,0,0,4,0,2
0.63,0.7,5,160,3,0,0,0,4,0,2
0.73,0.9,3,274,2,0,0,0,8,0,2
0.38,0.49,4,196,3,0,0,1,4,0,2
0.39,0.75,6,185,3,0,0,1,4,0,2
0.49,0.4,2,148,2,1,0,1,4,0,2
0.78,0.62,4,150,3,0,0,1,4,0,2
0.74,0.79,5,121,5,0,0,1,4,0,2
0.82,0.76,4,266,3,0,0,1,4,0,2
0.37,0.92,4,211,7,0,0,0,7,0,2
0.5,0.86,3,180,7,0,0,1,4,0,2
0.53,0.8,2,225,7,1,0,1,4,0,2
0.82,0.74,3,229,7,0,0,1,4,0,2
0.15,0.74,6,144,7,0,0,1,4,0,2
0.92,0.7,3,129,3,0,0,1,4,0,2
0.53,0.74,3,172,10,0,0,1,4,0,2
0.71,0.66,3,268,4,0,0,0,5,0,2
0.14,0.38,5,115,6,1,0,0,5,0,2
0.85,0.89,4,150,3,0,0,0,2,0,2
0.55,0.81,3,239,8,0,0,0,2,0,2
0.59,0.77,3,272,8,0,0,0,4,0,2
0.49,0.49,3,104,7,0,0,0,6,0,2
0.64,0.5,4,253,10,0,0,1,4,0,2
0.22,0.94,3,193,10,0,0,1,4,0,2
0.9,0.55,3,259,10,1,0,1,4,0,2
0.74,0.95,5,266,10,0,0,1,4,0,2
0.85,0.54,3,185,10,0,0,1,4,0,2
0.33,0.65,3,172,10,0,0,1,5,0,2
0.45,0.49,2,149,3,0,1,0,6,0,2
0.09,0.85,6,289,4,0,1,0,3,0,2
0.44,0.51,2,156,3,0,1,0,9,0,2
0.45,0.53,2,129,3,0,1,0,9,0,2
0.37,0.46,2,149,3,0,1,0,5,0,2
0.1,0.86,6,278,4,0,1,0,9,0,2
0.36,0.48,2,156,3,0,1,0,2,0,2
0.4,0.46,2,143,3,0,1,0,9,0,2
0.8,0.53,3,255,5,0,1,0,9,0,2
0.66,0.57,5,161,5,0,1,0,9,0,2
0.45,0.54,2,129,3,0,1,0,5,0,2
0.39,0.55,2,159,3,0,1,0,9,0,2
0.45,0.57,2,148,3,0,1,0,5,0,2
0.43,0.55,2,130,3,0,1,0,8,0,2
0.1,0.81,7,291,4,0,1,0,7,0,2
0.83,0.99,5,258,5,0,1,0,8,0,2
0.38,0.5,2,152,3,0,1,0,7,0,2
0.61,0.67,4,151,3,0,0,0,0,0,2
0.78,0.91,3,177,2,0,0,0,7,0,2
0.19,0.63,6,241,6,0,0,0,7,0,2
0.56,0.99,4,230,3,0,0,0,7,0,2
0.21,0.71,4,270,2,0,0,0,7,0,2
0.83,0.71,3,234,4,0,0,0,2,0,2
0.5,0.64,3,257,2,1,0,0,2,0,2
0.74,0.87,5,264,3,0,0,0,2,0,2
0.75,0.83,4,133,4,0,0,0,3,0,2
0.85,0.66,4,155,4,0,0,0,3,0,2
0.93,0.59,3,202,2,0,0,0,3,0,2
0.76,0.7,3,136,2,0,0,0,3,0,2
0.91,0.78,3,269,3,1,0,0,9,0,2
0.37,0.51,2,153,3,0,0,0,0,0,2
0.87,0.97,4,243,3,0,0,0,0,0,2
0.63,0.72,6,163,4,0,0,0,0,0,2
0.72,0.79,3,221,3,0,0,0,6,0,2
0.36,0.55,3,191,3,0,0,0,6,0,2
0.96,0.7,4,272,3,0,0,0,6,0,2
0.52,0.37,2,118,2,0,0,0,6,0,2
0.16,0.83,5,173,4,0,0,0,0,0,2
0.89,0.51,4,185,3,1,0,0,7,0,2
0.68,0.78,5,233,3,0,0,0,9,0,2
0.89,0.57,4,176,4,0,0,0,8,0,2
0.28,0.95,5,191,3,0,0,0,8,0,2
0.86,0.64,3,245,4,0,0,0,8,0,2
0.68,0.84,3,270,3,0,0,0,8,0,2
0.61,0.73,3,252,3,0,0,0,9,0,2
0.93,0.86,4,192,4,0,0,0,0,0,2
0.96,0.7,3,207,3,0,0,0,0,0,2
0.49,0.59,4,137,4,0,0,0,9,0,2
0.72,0.61,3,175,3,0,0,0,7,0,2
0.76,0.64,4,234,2,0,0,0,7,0,2
0.69,0.63,5,140,4,0,0,1,7,0,2
0.79,0.61,4,227,2,0,0,1,7,0,2
0.6,0.73,5,241,3,0,0,0,7,0,2
0.78,0.59,5,236,3,0,0,0,9,0,2
0.5,0.75,3,204,2,0,0,0,9,0,2
0.9,0.65,3,254,2,0,0,0,8,0,2
0.65,0.98,3,252,2,0,0,0,6,0,2
0.26,0.69,5,213,2,0,0,0,2,0,2
0.73,0.93,3,205,3,0,0,0,6,0,2
0.62,0.51,4,193,3,0,0,0,2,0,2
0.77,0.59,4,273,2,0,0,0,0,0,2
0.78,0.96,2,285,3,0,0,0,7,0,2
0.49,0.59,5,140,3,0,0,0,8,0,2
0.61,0.9,2,142,3,0,0,0,5,0,2
0.96,0.85,4,247,3,0,0,0,7,0,2
0.16,0.61,6,269,2,0,0,0,2,0,2
0.96,0.82,4,244,3,0,0,0,8,0,2
0.77,0.81,4,164,3,0,0,0,9,0,2
0.85,0.87,6,232,5,0,0,0,4,0,2
0.37,0.49,3,177,3,0,0,0,5,0,2
0.68,0.65,3,173,3,1,0,0,5,0,2
0.87,0.6,5,165,2,1,0,0,5,0,2
0.95,0.8,3,225,2,0,0,0,7,0,2
0.88,0.91,4,233,4,0,0,0,9,0,2
0.63,0.57,4,192,3,0,0,0,9,0,2
0.75,0.93,3,247,2,0,0,0,9,0,2
0.74,1.0,4,192,4,0,0,0,9,0,2
0.55,0.68,3,178,3,1,0,0,9,0,2
0.87,0.55,4,197,3,0,0,0,9,0,2
0.13,0.9,5,264,6,0,0,0,9,0,2
0.33,0.64,2,274,3,1,0,0,9,0,2
0.57,0.39,4,132,3,0,0,0,6,0,2
0.61,0.89,3,242,10,0,0,0,7,0,2
0.22,0.7,2,274,10,0,0,0,7,0,2
0.5,0.48,4,130,10,0,0,0,7,0,2
0.69,0.72,4,210,2,1,0,0,7,0,2
0.48,0.71,2,162,3,1,0,0,7,0,2
0.93,0.73,4,283,7,0,0,0,7,0,2
0.97,0.55,5,212,6,0,0,0,7,0,2
0.5,1.0,5,264,8,0,0,1,2,0,2
0.99,0.84,4,142,10,0,0,0,9,0,2
0.65,0.62,4,258,2,0,0,0,8,0,2
0.82,0.85,3,214,2,0,0,0,8,0,2
0.6,0.61,5,191,2,1,0,0,9,0,2
0.82,0.82,3,164,3,0,0,0,9,0,2
0.94,0.52,3,273,3,0,0,0,6,0,2
0.58,0.91,3,154,10,0,0,0,6,0,2
0.49,0.77,3,211,3,0,0,0,0,0,2
0.29,0.37,6,187,10,1,0,0,7,0,2
0.86,0.61,4,193,2,0,0,0,8,0,2
0.98,0.7,3,153,10,0,0,0,4,0,2
0.69,0.72,4,185,10,1,0,0,4,0,2
0.14,0.76,4,142,10,0,0,0,4,0,2
0.95,0.9,4,221,10,1,0,0,4,0,2
0.53,0.61,3,148,10,0,0,0,4,0,2
0.64,0.52,5,258,10,1,0,0,4,0,2
0.21,0.43,5,175,2,1,0,0,7,0,2
0.98,0.68,5,171,3,0,0,0,4,0,2
0.33,0.97,5,130,4,0,0,0,4,0,2
0.14,0.79,5,271,4,0,0,0,4,0,2
0.54,0.79,5,249,3,1,0,0,4,0,2
0.63,0.48,4,180,4,0,0,0,4,0,2
0.55,0.69,4,220,3,1,0,0,4,0,2
0.87,0.87,5,207,2,0,0,0,7,0,2
0.81,0.74,2,228,3,0,0,0,4,0,2
0.55,0.58,3,254,2,0,0,0,4,0,2
0.53,0.53,4,257,2,0,0,0,4,0,2
0.69,0.73,3,231,2,1,0,0,4,0,2
0.8,0.53,3,217,3,0,0,0,4,0,2
0.77,0.98,3,286,6,0,0,0,4,0,2
0.51,0.63,5,260,2,0,0,0,6,0,2
0.5,0.77,3,267,2,0,0,0,4,0,2
0.74,0.63,3,180,3,0,0,0,4,0,2
0.74,0.77,3,211,3,0,0,0,4,0,2
0.82,0.51,2,268,2,0,0,0,4,0,2
0.74,0.71,3,206,3,0,0,0,4,0,2
0.2,0.59,6,113,3,0,0,0,4,0,2
0.78,0.65,3,139,3,0,0,0,5,0,2
0.45,0.42,4,156,7,0,0,0,6,0,2
0.25,0.89,4,154,10,0,0,0,4,0,2
0.89,0.55,5,251,10,0,0,0,4,0,2
0.97,0.57,3,164,10,0,0,0,4,0,2
0.6,0.65,2,225,10,0,0,0,4,0,2
0.67,0.72,2,134,10,0,0,0,4,0,2
0.89,0.77,3,144,3,0,0,0,4,0,2
0.24,0.81,6,263,7,0,0,0,4,0,2
0.49,0.52,4,161,7,0,0,0,4,0,2
0.49,0.68,3,192,7,0,0,0,4,0,2
0.97,0.51,5,215,7,0,0,0,4,0,2
0.55,0.78,4,261,3,0,0,0,4,0,2
0.76,0.56,5,222,10,0,0,0,4,0,2
0.53,0.66,3,191,3,0,0,0,0,0,2
0.59,0.5,2,162,2,0,0,0,4,0,2
0.69,0.86,5,195,6,0,0,0,4,0,2
0.5,0.49,4,222,3,0,0,0,4,0,2
0.89,0.96,3,179,8,0,0,0,4,0,2
0.56,0.39,3,106,8,0,0,0,4,0,2
0.77,0.68,3,214,8,1,0,0,4,0,2
0.15,0.75,3,259,8,1,0,0,5,0,2
0.68,0.67,4,162,10,0,0,0,4,0,2
0.49,0.78,4,254,10,0,0,0,4,0,2
0.72,0.66,4,184,3,0,0,0,4,0,2
0.77,0.89,4,269,10,0,0,0,4,0,2
0.77,0.73,3,201,10,0,0,0,4,0,2
0.59,0.73,4,247,10,0,0,0,4,0,2
0.51,0.52,3,188,3,0,0,0,9,0,2
0.15,0.81,5,280,3,1,0,0,1,0,2
0.44,0.66,6,134,8,0,0,0,1,0,2
0.7,0.7,3,162,8,0,0,0,1,0,2
0.96,0.85,4,173,3,0,0,0,5,0,2
0.62,0.73,3,144,10,1,0,0,8,0,2
0.93,0.6,3,188,3,0,0,0,5,0,2
0.64,0.48,3,147,7,0,0,0,7,0,2
0.66,0.87,3,223,7,0,0,0,7,0,2
0.81,0.78,3,165,3,0,0,0,9,0,2
0.7,0.88,3,159,2,0,0,0,0,0,2
0.94,0.67,4,191,3,1,0,0,6,0,2
0.43,0.66,4,135,2,0,0,0,0,0,2
0.43,0.76,6,154,2,0,0,0,4,0,2
0.77,0.86,5,238,3,0,0,0,4,0,2
0.76,0.98,2,235,3,0,0,0,4,0,2
0.82,0.9,3,215,4,0,0,0,4,0,2
0.75,0.66,5,234,2,0,0,0,4,0,2
0.63,0.98,4,187,3,0,0,0,4,0,2
0.63,0.85,4,182,3,1,0,0,7,0,2
0.93,0.7,5,231,7,0,0,1,7,0,2
0.74,0.74,5,160,3,1,0,0,7,0,2
0.69,0.66,3,215,6,0,0,0,7,0,2
0.61,0.79,5,230,10,0,0,0,4,0,2
0.88,0.6,4,208,7,0,0,1,4,0,2
0.44,0.44,2,141,7,1,0,1,4,0,2
0.73,0.78,3,262,7,1,0,1,4,0,2
0.58,0.84,4,206,7,0,0,1,4,0,2
0.74,0.98,3,166,3,1,0,1,4,0,2
0.66,0.79,5,134,3,0,0,0,4,0,2
0.72,0.88,3,189,3,1,0,0,4,0,2
0.53,0.91,4,167,4,0,0,0,4,0,2
0.81,0.8,5,132,2,1,0,0,4,0,2
0.58,0.9,3,209,2,0,0,0,4,0,2
0.82,0.56,2,227,5,1,0,0,4,0,2
0.64,0.55,3,246,2,0,0,1,5,0,2
0.83,0.6,4,161,2,0,0,0,4,0,2
0.82,0.49,5,210,3,0,0,0,4,0,2
0.39,0.91,2,212,2,0,0,0,4,0,2
0.53,0.47,6,106,6,0,0,0,4,0,2
0.88,0.81,4,179,3,0,0,0,4,0,2
0.8,0.6,5,217,3,0,0,0,4,0,2
0.16,0.93,6,218,6,1,0,0,6,0,2
0.5,0.9,5,226,2,0,0,0,4,0,2
0.57,0.59,2,111,2,0,0,0,4,0,2
0.68,0.75,4,258,3,0,0,0,4,0,2
0.62,0.61,3,266,2,0,0,0,4,0,2
0.69,0.75,3,253,3,0,0,0,4,0,2
0.63,0.7,5,160,3,0,0,0,4,0,2
0.73,0.9,3,274,2,0,0,0,8,0,2
0.38,0.49,4,196,3,0,0,1,4,0,2
0.39,0.75,6,185,3,0,0,1,4,0,2
0.49,0.4,2,148,2,1,0,1,4,0,2
0.78,0.62,4,150,3,0,0,1,4,0,2
0.74,0.79,5,121,5,0,0,1,4,0,2
0.82,0.76,4,266,3,0,0,1,4,0,2
0.37,0.92,4,211,7,0,0,0,7,0,2
0.5,0.86,3,180,7,0,0,1,4,0,2
0.53,0.8,2,225,7,1,0,1,4,0,2
0.82,0.74,3,229,7,0,0,1,4,0,2
0.15,0.74,6,144,7,0,0,1,4,0,2
0.92,0.7,3,129,3,0,0,1,4,0,2
0.53,0.74,3,172,10,0,0,1,4,0,2
0.71,0.66,3,268,4,0,0,0,5,0,2
0.14,0.38,5,115,6,1,0,0,5,0,2
0.85,0.89,4,150,3,0,0,0,2,0,2
0.55,0.81,3,239,8,0,0,0,2,0,2
0.59,0.77,3,272,8,0,0,0,4,0,2
0.49,0.49,3,104,7,0,0,0,6,0,2
0.64,0.5,4,253,10,0,0,1,4,0,2
0.22,0.94,3,193,10,0,0,1,4,0,2
0.9,0.55,3,259,10,1,0,1,4,0,2
0.74,0.95,5,266,10,0,0,1,4,0,2
0.85,0.54,3,185,10,0,0,1,4,0,2
0.33,0.65,3,172,10,0,0,1,5,0,2
0.45,0.49,2,149,3,0,1,0,6,0,2
0.09,0.85,6,289,4,0,1,0,3,0,2
0.44,0.51,2,156,3,0,1,0,9,0,2
0.45,0.53,2,129,3,0,1,0,9,0,2
0.37,0.46,2,149,3,0,1,0,5,0,2
0.1,0.86,6,278,4,0,1,0,9,0,2
0.36,0.48,2,156,3,0,1,0,2,0,2
0.4,0.46,2,143,3,0,1,0,9,0,2
0.8,0.53,3,255,5,0,1,0,9,0,2
0.66,0.57,5,161,5,0,1,0,9,0,2
0.45,0.54,2,129,3,0,1,0,5,0,2
0.39,0.55,2,159,3,0,1,0,9,0,2
0.45,0.57,2,148,3,0,1,0,5,0,2
0.43,0.55,2,130,3,0,1,0,8,0,2
0.45,0.46,2,159,3,0,1,0,3,0,2
0.43,0.49,2,131,3,0,1,0,1,0,2
0.76,0.89,5,238,5,0,1,0,9,0,2
